"sample";"intercept";"time";"treatment";"sigma.b";"sigma";"se.intercept";"se.time";"se.treatment";"se.sigma.b";"se.sigma";"model";"scenario"
1;-1,18606110613744;0,500081802639683;-1,61537596864916;1,21571474181127;0,720184676785789;0,0602594762302965;0,0139880469407447;0,0829327922459418;0,0317416462988777;0,0131708909216085;"ignorable";"MAR"
1;-1,20581631138548;0,501761867241829;-1,59791202667693;1,21566096748562;0,722379856392421;0,0250320078704103;0,0129820304571896;0,0289561180331009;0,0309544382158788;0,0141699591700705;"spm";"MAR"
2;-1,14090292930657;0,492056458750234;-1,49747189120362;1,23079139938472;0,72754834402821;0,0610050256164356;0,0137541584802046;0,0838871381989999;0,0320476960410114;0,0131733078710426;"ignorable";"MAR"
2;-1,13160231667119;0,491423117686746;-1,49855892577453;1,2273827928528;0,726892787589919;0,0252733866950369;0,0127461007617525;0,0289680916041525;0,0307607393262678;0,0140886419939578;"spm";"MAR"
3;-1,18025345149433;0,50140681537829;-1,48641701258531;1,18837690792625;0,696298957114946;0,0588471162835728;0,0135270968812971;0,0810100787816247;0,0311081004092178;0,0127639564874249;"ignorable";"MAR"
3;-1,16381117851353;0,499533649142563;-1,49154749674717;1,19086947549148;0,696962291145575;0,0242436610474663;0,012485460106699;0,0279354292314999;0,0320831662762632;0,01417213090533;"spm";"MAR"
4;-1,26204142417371;0,494060287783834;-1,44212097845144;1,19699989258474;0,731502716955988;0,0597352018424714;0,0143389423291415;0,0821273612928183;0,0316848011368137;0,0134774224376339;"ignorable";"MAR"
4;-1,24310994246649;0,493838701751267;-1,45204764335835;1,20179318432919;0,730353129483336;0,0254189817476297;0,013177935600758;0,0293916752370998;0,0306162624757271;0,0142276933012238;"spm";"MAR"
5;-1,21129672440196;0,494427683059501;-1,39841873469969;1,20583468174776;0,710099038666813;0,0595961394923682;0,0136815352006981;0,0821267374244693;0,0313002914675913;0,0127509234510267;"ignorable";"MAR"
5;-1,2105063770812;0,492617585593271;-1,38998615392139;1,21115413932861;0,709015953182231;0,024317102992124;0,0125843464094685;0,0281270676734602;0,0315370250681838;0,014025177357155;"spm";"MAR"
6;-1,31367290456908;0,495823727002277;-1,36203477649352;1,23495332426668;0,71262009562914;0,0609120685603773;0,0136033346284096;0,0839885683362424;0,032005452638106;0,0130089012663008;"ignorable";"MAR"
6;-1,30849969986138;0,497847666742583;-1,36208006979871;1,23653518731965;0,710739809935483;0,0245626616004732;0,0125731698341315;0,0284659854430248;0,0314611331471939;0,0141591367946549;"spm";"MAR"
7;-1,16133284380518;0,479535600771234;-1,50959875198242;1,20425316430316;0,708310766956644;0,0596115550512608;0,0136491090651026;0,0821220706946831;0,031511008337181;0,0130982283471648;"ignorable";"MAR"
7;-1,14945259377039;0,482016769649102;-1,51869894124772;1,20335113587878;0,708082689832126;0,0245984531883646;0,0126554151805731;0,0285416565549886;0,0315791927364531;0,0142508567214443;"spm";"MAR"
8;-1,18130630393784;0,473235035487002;-1,48793479728459;1,2337164457132;0,700300831843486;0,0607747069170219;0,0135232611838469;0,0838265210513042;0,0320453235291598;0,0129757072530292;"ignorable";"MAR"
8;-1,19931099352121;0,477623184935473;-1,47018757980821;1,23693991931455;0,699484935346002;0,0243961817553377;0,01245417012039;0,028223579007375;0,0319704737723722;0,0142650501634586;"spm";"MAR"
9;-1,30767089507533;0,491289825153299;-1,41802880399561;1,19462593218796;0,700976863731428;0,0591809437262318;0,0135615882709751;0,0815025746489208;0,0311393354626388;0,0129091071084512;"ignorable";"MAR"
9;-1,30252999171022;0,491545371633935;-1,41984254973745;1,18944513892524;0,701915648937593;0,0243762331867113;0,0124924889439282;0,0282710572737845;0,031856613336478;0,0142402745779631;"spm";"MAR"
10;-1,11871912960676;0,507950636909419;-1,67368710455178;1,23617553995679;0,703940651586065;0,0608416887328704;0,0137425375533836;0,0838619206430989;0,0319849190056451;0,0128183777426115;"ignorable";"MAR"
10;-1,12010745637011;0,505294894820458;-1,68396696643988;1,24104530003175;0,703273197905579;0,0243972860072007;0,0126604638557344;0,0280883905971319;0,0317950618645833;0,0141188139968731;"spm";"MAR"
11;-1,14378708529251;0,489298516810424;-1,61037872981209;1,24340908786393;0,708096418109917;0,0611959388720828;0,0134508565247436;0,0844024499830233;0,0321528789562633;0,0129104591787585;"ignorable";"MAR"
11;-1,1454609365849;0,48996503830556;-1,60321150673269;1,24322887337844;0,708718827896633;0,0244917483122482;0,0124270994878553;0,0283550744894422;0,0315590560062589;0,0141399443408959;"spm";"MAR"
12;-1,13714639680925;0,506470204800973;-1,59581760897148;1,2119599418431;0,710109495817373;0,0599933773825921;0,0137800105606972;0,0825552613656211;0,0317032956354301;0,0130633029780401;"ignorable";"MAR"
12;-1,14258389825305;0,508757236764854;-1,59438538895375;1,21288363090892;0,711205389048063;0,0247085843497794;0,0127553664628763;0,028557330703071;0,0314405384416384;0,0141964726614228;"spm";"MAR"
13;-1,24586647573706;0,480722150578796;-1,48548068416342;1,22339919261474;0,687719255029826;0,0600658232575397;0,0132491876565792;0,0827940126117154;0,0316051002387239;0,01239829213947;"ignorable";"MAR"
13;-1,24787841226189;0,47855956112029;-1,47500834867424;1,22138834014115;0,690181935451063;0,023883827073426;0,0123236422093956;0,0273660310566737;0,0324001360379797;0,0140147802177121;"spm";"MAR"
14;-1,20478494746414;0,503444182186274;-1,5219400989183;1,24631088408561;0,70854143495867;0,0612930141835784;0,0137343324932067;0,0845869988582833;0,0321998407471995;0,0129711639183175;"ignorable";"MAR"
14;-1,21716412058014;0,504038920264702;-1,49841113884673;1,24748598936997;0,707257295788687;0,0244746305699;0,0126629169350617;0,0283725421558893;0,0316224204464425;0,0141761674070864;"spm";"MAR"
15;-1,17113506515451;0,507310378155504;-1,56224573333573;1,23419235182631;0,709797259369273;0,0608163409179344;0,0136465110132327;0,0838264858412548;0,0319255707861919;0,0128965177138419;"ignorable";"MAR"
15;-1,19261476848672;0,504397493118223;-1,55163209509787;1,23473131499548;0,709963534946972;0,0245469660592448;0,0126414090368629;0,0283482450881691;0,0314971699519577;0,0141138220597154;"spm";"MAR"
16;-1,24915003770934;0,504637907934014;-1,37028908261978;1,24050294794034;0,698108953165767;0,0609484715058696;0,0136713724046812;0,0841360720674181;0,0320667512553406;0,0129325717197035;"ignorable";"MAR"
16;-1,23868645611388;0,506029378394871;-1,40899131392041;1,24171742887158;0,698495557414189;0,024271923342936;0,0125683204313372;0,0281931047296353;0,0320090789553602;0,0142677647638406;"spm";"MAR"
17;-1,19704081350528;0,49991301962227;-1,56511000093331;1,19171673502401;0,728175166315193;0,0594052003088211;0,0140080728672186;0,0815845016950809;0,0313207300166313;0,0132216905240853;"ignorable";"MAR"
17;-1,19447882028461;0,500698196929904;-1,57676078601518;1,18390464528451;0,726709384405884;0,0251780987036316;0,0129394275719042;0,0290105690457537;0,0307683052593926;0,0141136778584422;"spm";"MAR"
18;-1,11938818390348;0,487397096895158;-1,59675003212026;1,21408459922598;0,730864082539124;0,0603842271206239;0,0141093808873869;0,0831286352025007;0,0318356931001719;0,0134730067211998;"ignorable";"MAR"
18;-1,11779598238767;0,49044050829966;-1,5948703822816;1,21606867096771;0,732493066999565;0,0254210131541443;0,0130584011092546;0,0295402275420882;0,0305259521701277;0,0142574314066268;"spm";"MAR"
19;-1,16344839712119;0,518660982863313;-1,53426301453699;1,21935924652887;0,68369718843409;0,059854044647434;0,013180942349516;0,0826214736564754;0,0314388196315525;0,0125594176417977;"ignorable";"MAR"
19;-1,15758099679043;0,516391389395995;-1,53469055039285;1,21663056493466;0,683128356279554;0,0236360039166608;0,0121724582358246;0,027435680240428;0,0327334717123031;0,0141982127333872;"spm";"MAR"
20;-1,25739303916107;0,494422345134462;-1,47938469584311;1,21084037644272;0,693155909554099;0,0596097745024623;0,0132100595202089;0,0821547696659694;0,0313532705228105;0,012555187108248;"ignorable";"MAR"
20;-1,25675685651403;0,495716911073079;-1,48110274786336;1,20925155470352;0,696453055610132;0,0240505781885579;0,0123050372925028;0,0277205851080708;0,0321105027874874;0,0140717687182382;"spm";"MAR"
21;-1,28386719505392;0,499893002102599;-1,40528902342925;1,18794843363191;0,721601874345434;0,0590906208095966;0,0139076218926691;0,0813427806549987;0,0313255600699531;0,0131413688896122;"ignorable";"MAR"
21;-1,27868709594944;0,497276743598098;-1,4142858986716;1,18917164711053;0,720250812562425;0,0248246709256535;0,0128444104757169;0,0287832085290523;0,0310436649954237;0,0141236713407932;"spm";"MAR"
22;-1,25602488707403;0,506592738011561;-1,36880615699274;1,21232237038412;0,704103091821322;0,0598427910621438;0,0134869577760212;0,0824939629753825;0,0314977171955789;0,0127415712984538;"ignorable";"MAR"
22;-1,25940767957353;0,506092198727209;-1,37531125062762;1,20893599182539;0,70628027341138;0,0243530462608186;0,0124680180165756;0,0281255032709908;0,0316643817659849;0,0140778949116405;"spm";"MAR"
23;-1,16633307029464;0,502974806685355;-1,55492265258201;1,20445311385128;0,715296543836912;0,0596392672630541;0,0136537364180729;0,0821844069403373;0,0314484614329411;0,0129539911530318;"ignorable";"MAR"
23;-1,16610757619264;0,506528312173651;-1,55569413684068;1,2041573572706;0,715016904357451;0,0245842693271951;0,0126148059445348;0,0284943608150803;0,0312748653901145;0,0140874587876791;"spm";"MAR"
24;-1,14234035095985;0,52167981285942;-1,49883244168944;1,26586212265438;0,70120629938793;0,0621027457097834;0,0135405867756875;0,0856925546069268;0,0325405894797522;0,0129302735749051;"ignorable";"MAR"
24;-1,14214110484102;0,521004362353838;-1,5022368086199;1,26576047968373;0,700896349898834;0,0244492143150996;0,0124851868498012;0,0282232462307765;0,0319029751938252;0,0142364102489334;"spm";"MAR"
25;-1,19232480819306;0,477905227076612;-1,5542691703901;1,21213208240478;0,713631335513736;0,0601333319316243;0,0140355475314867;0,0827992654150353;0,0316256170065408;0,0132411613660167;"ignorable";"MAR"
25;-1,17884735981833;0,474976827677056;-1,56083484825657;1,21102501043083;0,714048457313817;0,0249669186719279;0,0129233417478898;0,0289064261032507;0,0313153533560974;0,0143117783042396;"spm";"MAR"
26;-1,13980200991116;0,493049656626433;-1,57892816748812;1,26521088137733;0,697685112820469;0,0619157490764544;0,0131416897771437;0,0854867060551211;0,0323821006008758;0,0126757177837666;"ignorable";"MAR"
26;-1,13605588987612;0,494450096792568;-1,57396263564709;1,26547337362114;0,697943524595964;0,0241193237749586;0,0121866669128816;0,027858996863094;0,0320377713040339;0,0141085608242401;"spm";"MAR"
27;-1,14603840594768;0,491053654183516;-1,44849074365295;1,24680961378759;0,704319305787745;0,0614288652533628;0,0139149084720786;0,0846523734247571;0,032319978283805;0,0130160724116708;"ignorable";"MAR"
27;-1,14987051315697;0,492913178014539;-1,43868677795334;1,25025059803253;0,703008338693661;0,0246166609413231;0,0127311761597359;0,028328654883956;0,0318077340370279;0,0142471197814956;"spm";"MAR"
28;-1,19799356261749;0,49249843317289;-1,44160814341449;1,23478663887456;0,714320320114263;0,0609948731363019;0,0138608567638964;0,0840208867111072;0,0319776649857392;0,0129799466855704;"ignorable";"MAR"
28;-1,1829912129243;0,492321007144117;-1,46567882430891;1,2345896267735;0,715258685271457;0,0248319267811819;0,0128006886288808;0,0285954520823554;0,0312623673403152;0,01412801464536;"spm";"MAR"
29;-1,17908352131411;0,49265208400355;-1,64799771666801;1,20932258594828;0,70736959387841;0,059665297757491;0,0135748680286948;0,0823082648732527;0,0313766331428397;0,0128206024875057;"ignorable";"MAR"
29;-1,17099939449623;0,491537183328799;-1,64843377011146;1,20684191058205;0,708233126554647;0,024286614785284;0,0125602393991005;0,0282476085576256;0,0315724851391431;0,0140998990770377;"spm";"MAR"
30;-1,31025720637822;0,481966433664285;-1,35704236023101;1,22276349965269;0,689523480220161;0,0600367431996868;0,0129816349549929;0,0826890898252322;0,0312807232409892;0,0122761675699676;"ignorable";"MAR"
30;-1,30399490362857;0,478971025183337;-1,35539406183039;1,22186298225141;0,687314245448278;0,02367769149937;0,0119762455516726;0,0271193560742763;0,0325344522699064;0,0139482844679127;"spm";"MAR"
31;-1,26210468293228;0,518190790961015;-1,46812852706529;1,20857836008569;0,712939526850987;0,0598252326489694;0,013567283335525;0,0824003954008139;0,0314395319982749;0,0128924846231707;"ignorable";"MAR"
31;-1,25523858854492;0,519830130011022;-1,48943371647712;1,2087070812224;0,713128605586337;0,0245988436010314;0,012557836574482;0,0284122544127689;0,0313560568801437;0,014087202645167;"spm";"MAR"
32;-1,17142156179712;0,515657333587517;-1,58003669232927;1,26246572877059;0,712751016308397;0,0620478819873624;0,0137521834269008;0,085556215735883;0,0324962308402555;0,0129062680664092;"ignorable";"MAR"
32;-1,16710849374591;0,51812756640173;-1,58456009661352;1,26559249354208;0,70937104654363;0,0245799671246112;0,0126144486889457;0,0282641035558163;0,0315218387836884;0,0140859042863906;"spm";"MAR"
33;-1,2113971289336;0,492716718447609;-1,44230322289466;1,23550289949114;0,681772120751611;0,0604352918263613;0,0131389277337552;0,0835715424944724;0,031795868067425;0,0125549761440304;"ignorable";"MAR"
33;-1,20272028360804;0,493086369228105;-1,45121396131696;1,23375973543967;0,68263453712695;0,0234870169339355;0,0121322551114535;0,0274489661289687;0,0327569002234476;0,0142100482536055;"spm";"MAR"
34;-1,246815295912;0,480581950509501;-1,49379272597722;1,17831047893063;0,694198142989497;0,0582920510079769;0,0132243383594306;0,0802485616517078;0,0307560804370294;0,0125369461398484;"ignorable";"MAR"
34;-1,25190739061823;0,483236462125186;-1,4934803525663;1,17892436815048;0,695464226603329;0,0240051450573887;0,0122898923781985;0,027632999002259;0,0321519840721231;0,0140473165244873;"spm";"MAR"
35;-1,26964018214288;0,490592206349881;-1,33425794775028;1,25789234186459;0,703032250396259;0,0617642568367373;0,0136133105631847;0,0852450578072113;0,0323750181189694;0,0129952823234738;"ignorable";"MAR"
35;-1,25078830646795;0,488799908255004;-1,34075688656518;1,25905329393376;0,701034102834247;0,0243791749343691;0,0125014777480667;0,028286529036764;0,0318961441288391;0,0142619136054697;"spm";"MAR"
36;-1,21851879659006;0,474561801414378;-1,39551894825752;1,20377329359169;0,693966614367759;0,0594592020457116;0,0134643853738253;0,0819562428410671;0,0313384591120828;0,0128436116360877;"ignorable";"MAR"
36;-1,20680733880582;0,471983707184351;-1,38754744612802;1,20866624157049;0,691529404260776;0,0241184958667347;0,0123795601255271;0,0279036137599336;0,0323335382236023;0,0142652174231146;"spm";"MAR"
37;-1,28418439124776;0,486449185714307;-1,446119919002;1,24290697171082;0,69020328691631;0,0609302577272227;0,0132633928322243;0,0840640804013048;0,0318080018107584;0,0124668845798883;"ignorable";"MAR"
37;-1,27134086163123;0,484646638349053;-1,45354157200156;1,24426807437389;0,691603139352573;0,0239752998110621;0,0122606800336543;0,0275367657035495;0,0323301823105972;0,0140728299397544;"spm";"MAR"
38;-1,20236105021284;0,478016756344997;-1,42996255435015;1,19557345951069;0,706670121796721;0,0592442411041161;0,0136314373784234;0,081579346882641;0,0312420808016499;0,0128706448823472;"ignorable";"MAR"
38;-1,19498284649932;0,478785162206797;-1,43467704545183;1,2016609524651;0,704940295942439;0,0243808397308033;0,0125387481936935;0,0281829698873615;0,0317251245750289;0,0141339643300809;"spm";"MAR"
39;-1,18159527920866;0,502067297358149;-1,54181942708927;1,20986171706271;0,691671012239874;0,0595651309921803;0,0130928741401471;0,0820107480081022;0,0312292287941495;0,0124354883338214;"ignorable";"MAR"
39;-1,18400710872945;0,503145716836095;-1,55752694072453;1,21119516846721;0,693108681567188;0,0240183371713453;0,0121867711824748;0,027474658684592;0,0322606154779174;0,014013910662147;"spm";"MAR"
40;-1,17924621395153;0,515105259890235;-1,47408656980748;1,27624780882668;0,716173865512218;0,0627570215119874;0,0140600852889667;0,0866584749397928;0,0330435207177526;0,013388799087559;"ignorable";"MAR"
40;-1,16642639501306;0,512921373331121;-1,50202839007696;1,27613701940586;0,718354958904736;0,0250918141013145;0,0129325913615426;0,0291573030575077;0,0311320905336485;0,014347221616574;"spm";"MAR"
41;-1,20618319592905;0,493245605367435;-1,45200752585415;1,23175965161012;0,670774400942784;0,0601298514767689;0,0128367129582335;0,0830362885405981;0,0313091171704207;0,0120703240603007;"ignorable";"MAR"
41;-1,20102391394922;0,490216606196838;-1,46366678636606;1,22812324710609;0,671398749661187;0,0231234068503759;0,0118987584922862;0,0266593973885913;0,0332994722975043;0,014036872336554;"spm";"MAR"
42;-1,17547265101161;0,497219582858941;-1,51748274535588;1,23547310409042;0,70531570416859;0,0608456315709084;0,0136629341323873;0,0838367288691197;0,0318782594537236;0,0128954744622305;"ignorable";"MAR"
42;-1,16944571377739;0,499590290315172;-1,51529312705379;1,23650848860929;0,706042077883801;0,0244832284856836;0,0126251410462333;0,0282990740705645;0,0316691917012162;0,0141701368165523;"spm";"MAR"
43;-1,2024414939245;0,509228676584342;-1,45007144367071;1,23286505410165;0,711482409022216;0,0608038869874605;0,0139081497143933;0,083848712701586;0,0320371723575591;0,0130773600085927;"ignorable";"MAR"
43;-1,1907883711583;0,510186694464046;-1,47022231135514;1,23206282427035;0,709169362047736;0,0245361934130367;0,0128109141584304;0,0284974034470455;0,0315292237651451;0,0142039363060935;"spm";"MAR"
44;-1,10436474617407;0,485461517065519;-1,50142594479297;1,25787484109493;0,705887098516409;0,0617220741780005;0,0137792071274668;0,0852209748548785;0,0322950808699709;0,0128138419475902;"ignorable";"MAR"
44;-1,11767296546677;0,483019873655376;-1,48280737366012;1,26027821654369;0,704014569932446;0,024269945480558;0,0126525525764585;0,0281115088446371;0,0317642237026265;0,0141158563326214;"spm";"MAR"
45;-1,20527077871259;0,482596078087357;-1,50817168239493;1,20147845221111;0,70675542905737;0,0594519605523134;0,0135854372022252;0,081893113184851;0,0312167818532206;0,0128231380794682;"ignorable";"MAR"
45;-1,18767682106759;0,483250871787971;-1,52929926189713;1,20211989542171;0,703615599723113;0,0243238392754144;0,0124905248868037;0,0281006088599304;0,0317796814225576;0,0141167483377213;"spm";"MAR"
46;-1,2139194443663;0,486011493109681;-1,51424390764868;1,2356931715156;0,687565352043693;0,0605115180646597;0,0131595720296768;0,0835307321487146;0,0316563144618795;0,0123982670964458;"ignorable";"MAR"
46;-1,21574849251159;0,489173824744215;-1,51401308315488;1,23878847730279;0,687029139034156;0,0236441268288043;0,0121982273782824;0,0272977510144368;0,0325469608304979;0,0140471972617268;"spm";"MAR"
47;-1,30309979919901;0,511573468959082;-1,29328906089986;1,21314735869803;0,715209284178297;0,060087613485494;0,0135850935963815;0,08269595377456;0,0316278034960074;0,0130075832590028;"ignorable";"MAR"
47;-1,28587983627317;0,513694819214261;-1,31929115765836;1,21464294348803;0,714708075886991;0,0247874444020494;0,0125974773638845;0,0285486439436173;0,0312858431702234;0,0141213919260992;"spm";"MAR"
48;-1,17177500110338;0,521994186291163;-1,67196866816837;1,20889509878795;0,700395819559289;0,0596058757873103;0,0135681447461037;0,0822234577939302;0,0314181685146138;0,0127836333984467;"ignorable";"MAR"
48;-1,16661801914373;0,52407000333273;-1,6791096334267;1,20936651466642;0,698858089958082;0,0240462775014035;0,0125142806089114;0,0279637799252655;0,0319968579340946;0,0141450089369663;"spm";"MAR"
49;-1,21709722094152;0,507488742471412;-1,42818938166248;1,26576117528625;0,702811841086339;0,0620500928258813;0,0134399585926346;0,0855934380373091;0,0325165933186855;0,0127414504577185;"ignorable";"MAR"
49;-1,21160322612643;0,506831404993793;-1,40783184077581;1,26862101817029;0,702316978926463;0,0243492909729786;0,0124308528060469;0,0279784828290337;0,0318414084109031;0,0140855000971546;"spm";"MAR"
1;-1,14529367835201;0,566829652118838;-1,66035352844275;1,1962389818861;0,707920910409781;0,0607234319473237;0,0160353272653608;0,0839531147412737;0,0324477432026284;0,0131419936536248;"ignorable";"MNAR"
1;-1,18518295406701;0,497454173083701;-1,58439916961513;1,23186864981387;0,706189351148472;0,0267766313951729;0,0143251082429976;0,0324419944635521;0,0316638586624172;0,0142886307681903;"spm";"MNAR"
2;-1,04769363327337;0,534455224222548;-1,61644921307636;1,22178832103301;0,693994061085988;0,0612994343269344;0,014977822897281;0,0847752846816939;0,032749257278732;0,0125016814684434;"ignorable";"MNAR"
2;-1,05792788222951;0,474365165886859;-1,55242921107651;1,25736784970635;0,687019849089467;0,0255626422593795;0,0133881826319059;0,0305385832492183;0,0325473563932659;0,0139890935838891;"spm";"MNAR"
3;-1,11522851993523;0,562919730803172;-1,55739064056671;1,15828980737778;0,706767471637161;0,0592034277831964;0,0152300115991816;0,081675738956547;0,0316902637695418;0,0127978407849947;"ignorable";"MNAR"
3;-1,12696544239349;0,507561021201194;-1,49539448929007;1,17694868069106;0,706857385837194;0,026739946557281;0,0138563219758605;0,0322359935734559;0,0316339336628173;0,0140580389090758;"spm";"MNAR"
4;-1,20562882582109;0,566170790848038;-1,50254388797159;1,21140547125336;0,705741836252394;0,0611976387745858;0,0153230423554027;0,0845824332247192;0,0327012175767469;0,012815318018848;"ignorable";"MNAR"
4;-1,21052829791058;0,507359557166701;-1,44568237602033;1,24231937513116;0,697277274604444;0,0261133278985235;0,0136687409790402;0,0313732113565909;0,0320685622792942;0,0140747380521649;"spm";"MNAR"
5;-1,1428206126437;0,566200302704804;-1,47963437236503;1,18945981135285;0,727925128983888;0,0607323349042938;0,0154987416547073;0,0836769559716232;0,0325083460684358;0,0130526627843173;"ignorable";"MNAR"
5;-1,17754952457458;0,501510711387207;-1,39137925718374;1,22336697914292;0,722437320205798;0,0269228088823536;0,013866376044304;0,0319605465620586;0,0309517229800412;0,0139808873313761;"spm";"MNAR"
6;-1,24476924373706;0,55370043183174;-1,42165328462944;1,22714154666954;0,700060657618756;0,0618093311298407;0,0155464592333262;0,0855913484855451;0,032934317663636;0,012913178839337;"ignorable";"MNAR"
6;-1,24702763370673;0,491534597884589;-1,37172330241962;1,25873095180577;0,692096077710974;0,026148648282423;0,0138529742264183;0,0317660883346024;0,0323148365455448;0,0142166874342892;"spm";"MNAR"
7;-1,14232458223813;0,552180009693152;-1,52958696524403;1,21110692095639;0,703093376899839;0,0612772283728841;0,0155399667666836;0,0847040200903043;0,0327911528431811;0,0129787541450691;"ignorable";"MNAR"
7;-1,16016607572854;0,483464690005327;-1,45984483282591;1,24306217354512;0,702279174372148;0,0266386859624154;0,0138903399251595;0,0320066286130243;0,0318401594672253;0,0142162540602402;"spm";"MNAR"
8;-1,13772178398683;0,554174485035979;-1,54859594952678;1,1913763223981;0,698984527240551;0,06036617636364;0,0156617482420647;0,0835662549440622;0,0324747419691225;0,013025109970115;"ignorable";"MNAR"
8;-1,16697795826169;0,484060341791768;-1,4790221753121;1,22149956615592;0,699229555305407;0,0264036518790769;0,0140769859887152;0,0321186872471638;0,0319790254728489;0,0142915486629281;"spm";"MNAR"
9;-1,25352048569798;0,578322862656282;-1,49319628985492;1,18814168418636;0,712046543586574;0,0605967507328093;0,0162417203369312;0,0837251054787164;0,0323594168200456;0,0132178120879586;"ignorable";"MNAR"
9;-1,2695387072881;0,508935744940426;-1,43449003067849;1,21395219505616;0,71020720937286;0,027085818924137;0,0145193287665135;0,0328561180516527;0,0314847262031566;0,014294468946182;"spm";"MNAR"
10;-1,05123740944301;0,572229664685375;-1,7361045523344;1,20613274574881;0,717077938263739;0,0611415027666941;0,0158368045491011;0,0845016642665592;0,0329336637561079;0,0131996738872096;"ignorable";"MNAR"
10;-1,0769082341331;0,503011868691221;-1,67236269639308;1,24094114336093;0,712075328662652;0,0264976882367071;0,0141372618566725;0,031874682084954;0,0314021268115831;0,0141761993929838;"spm";"MNAR"
11;-1,0844001579251;0,576721638795306;-1,67328786890236;1,22653366753016;0,709939818797546;0,0617870271273571;0,015836011199607;0,0855066395798193;0,0331679271110152;0,0131839666884872;"ignorable";"MNAR"
11;-1,09872147903577;0,508532459129225;-1,61877695115572;1,25992930686621;0,705265058915435;0,0261303571393963;0,0140266549490108;0,0313410286905508;0,0317053545289681;0,0142624478360219;"spm";"MNAR"
12;-1,06616728312766;0,575791227778854;-1,68531851326853;1,20238278427165;0,729791301154854;0,0610866558705282;0,0159828140718328;0,0842296101371841;0,0328401531442809;0,0132929385346234;"ignorable";"MNAR"
12;-1,07919360556942;0,508372053293795;-1,64335270767526;1,22986730824892;0,723502721744344;0,0266852044570309;0,0142150908232032;0,0316466079896733;0,0309061444039246;0,0140999003478233;"spm";"MNAR"
13;-1,19588996039594;0,574825460411613;-1,56837412464294;1,19180374981494;0,70660768455359;0,0603842189657737;0,0156373058238428;0,0834784485445515;0,0324116315471895;0,0129137645490633;"ignorable";"MNAR"
13;-1,22834229577184;0,508078359883206;-1,48716587579738;1,22476797003011;0,704105835936046;0,0262202584677984;0,0139900543806821;0,0315453719193047;0,031757554930349;0,0141280145315837;"spm";"MNAR"
14;-1,15007226770877;0,544797158158808;-1,58087187141353;1,22866106238966;0,715760355779523;0,0619733785993787;0,0157848611103967;0,0857508410892124;0,0332768961515759;0,0132198552436017;"ignorable";"MNAR"
14;-1,17923527412723;0,473773200795579;-1,51012257038429;1,261027900661;0,715414101632676;0,0265795803868048;0,0141429486291145;0,0319173154318003;0,0312555755096685;0,0142162535928774;"spm";"MNAR"
15;-1,10045672970943;0,574632516138692;-1,64347212229034;1,22365577694147;0,700069568267239;0,0616451896671568;0,0155080895992632;0,0853075896477441;0,0329251585397405;0,0127791973784773;"ignorable";"MNAR"
15;-1,13412159464162;0,506785244564427;-1,57429215432536;1,25040504633022;0,699230941772732;0,0261755860314868;0,0139234231887704;0,0314928997476301;0,0319789631976906;0,0141167499209859;"spm";"MNAR"
16;-1,20652076417897;0,545317340212246;-1,4006922335408;1,2430964974879;0,702746587294928;0,0625520235306009;0,0153518921008886;0,0866242004790841;0,0330491573039389;0,0127597504576334;"ignorable";"MNAR"
16;-1,18435481168635;0,488669443803539;-1,3930797108831;1,27661854893202;0,693759576397617;0,0263441472542212;0,0137644626117328;0,0320528191238292;0,0322311657003662;0,0141111253824985;"spm";"MNAR"
17;-1,14279685779512;0,559093537779026;-1,60271668431165;1,17209084805317;0,716646645884038;0,0598680618632001;0,0159920213838869;0,0827003709908374;0,0321374260246853;0,013082598995846;"ignorable";"MNAR"
17;-1,17388746049265;0,488571760946106;-1,52899557531205;1,20301702517654;0,713564173149843;0,0267316245875269;0,0143796480259591;0,0324471675433428;0,0313389741114516;0,014131865823209;"spm";"MNAR"
18;-1,07389779092189;0,557054362954367;-1,64926194973177;1,17965330139936;0,745329849421812;0,0606671445087376;0,016375722421024;0,0836110845713523;0,0328453591207853;0,0137586373946099;"ignorable";"MNAR"
18;-1,09900063147802;0,486668507270511;-1,58010979352788;1,22083250645999;0,738839492372682;0,02767493408257;0,0146606479861224;0,0333102290524169;0,0302645971925073;0,0142162534238526;"spm";"MNAR"
19;-1,11549577160192;0,564349074603088;-1,57253352266292;1,20210781118701;0,703884889994935;0,0608623041402477;0,015574630704547;0,0841911595716287;0,0326295437828;0,0129311851841712;"ignorable";"MNAR"
19;-1,13570065499639;0,505001397783036;-1,51522078723463;1,23374083493877;0,695077630584366;0,0262414768989127;0,0138746750712487;0,0318177814318651;0,0321700466488089;0,0141676604834072;"spm";"MNAR"
20;-1,19761300391109;0,575599188035035;-1,54552157001444;1,19644685086127;0,705889004080506;0,0606310775665916;0,0158408748989139;0,0838259281008522;0,0327529785773975;0,0130605529282801;"ignorable";"MNAR"
20;-1,21126294136791;0,512290900261772;-1,4857189178531;1,22215290400178;0,706050526884214;0,0266307712003644;0,0142905436050063;0,0323020064042299;0,0316700844454244;0,0141961840043573;"spm";"MNAR"
21;-1,21035720914057;0,562179510312875;-1,48512151396253;1,19187239507376;0,712243321864926;0,0606568306678151;0,0161345868033656;0,0838598519547836;0,0325437155244267;0,013285914574816;"ignorable";"MNAR"
21;-1,23593852946116;0,491987834405853;-1,41282068279491;1,21367013413284;0,717384246290577;0,0272366900684159;0,0145948434917225;0,0331133482631013;0,0311697391120285;0,014314958461699;"spm";"MNAR"
22;-1,20027722184326;0,555475810782084;-1,42282846434181;1,21807084378758;0,704439037854283;0,0615340377505192;0,0153235147858283;0,0850232864691461;0,0328307581549569;0,01278589733762;"ignorable";"MNAR"
22;-1,22910277397339;0,50062261493687;-1,3594480422951;1,24215777888847;0,697933834193033;0,0265119248565305;0,0137874514363166;0,0319668727287864;0,032038394902935;0,0140635987412113;"spm";"MNAR"
23;-1,11500770906184;0,557019622124191;-1,60192599265214;1,20275866305039;0,706713500996657;0,0608011090146583;0,0152852204343614;0,0840067183796711;0,032585155339675;0,0128008484383279;"ignorable";"MNAR"
23;-1,13029332839236;0,498590930404545;-1,56142662814678;1,22790501840537;0,702101032404407;0,0261316286655788;0,0137282658559935;0,0313414618886289;0,0318482374283986;0,0140413988960596;"spm";"MNAR"
24;-1,06052049426564;0,580764547151542;-1,60015449707803;1,25182259382937;0,702952852012126;0,0626180320601789;0,0152613500038959;0,0866585459216304;0,0335109618582238;0,0126181074737959;"ignorable";"MNAR"
24;-1,0725409529158;0,519580926153989;-1,54250825675188;1,28210173335682;0,700416668313407;0,0258955043098321;0,0136817200434927;0,0309577560569194;0,0319248256838091;0,0139454960258004;"spm";"MNAR"
25;-1,13281341366008;0,562680473983793;-1,60384211678896;1,20654915268719;0,701275489023013;0,0608987676526873;0,0158337534166234;0,0843265636665032;0,0327788209013799;0,0129902876039938;"ignorable";"MNAR"
25;-1,15355142551994;0,492796387448298;-1,5430830449691;1,24471779709421;0,694922179364058;0,0259686472714158;0,014050856786425;0,0315596947170375;0,0321772430472176;0,014227760366903;"spm";"MNAR"
26;-1,09732745417945;0,560332384616313;-1,63042603085316;1,25898421336296;0,700785251323593;0,0628753285980602;0,0153880167571757;0,0871114876882662;0,0335544468175954;0,0127445760951291;"ignorable";"MNAR"
26;-1,11103620123429;0,500328816901958;-1,57824680186362;1,28141134179368;0,701067225600818;0,0258567797792453;0,0138211435502669;0,0310618442814721;0,031895200622051;0,0140747382619382;"spm";"MNAR"
27;-1,08115766043366;0,546517660481247;-1,50881651054239;1,24302910267833;0,700944052647988;0,0622875021315976;0,015264708732639;0,0862344769992747;0,0333599689626999;0,0127089923460678;"ignorable";"MNAR"
27;-1,10203567426407;0,488104585006488;-1,44465899136624;1,27702729135365;0,698460680859457;0,0259744160530649;0,0137459649907278;0,0312672879944794;0,0320142284763669;0,0140303382110671;"spm";"MNAR"
28;-1,13467551449425;0,565668744443133;-1,50104407057441;1,20946867743885;0,723491638863762;0,0614898752236677;0,0159329738167712;0,0849557545093834;0,033182687633015;0,0132479325777261;"ignorable";"MNAR"
28;-1,15256656676472;0,498406807252126;-1,45646388782616;1,24028742869304;0,71927884038244;0,0270094178082731;0,0142851760587231;0,0325811736585903;0,0310876373408985;0,0141223782392635;"spm";"MNAR"
29;-1,12930828992637;0,566358408338089;-1,71691194830484;1,19965292594224;0,703410000562974;0,060735467997961;0,0155986658896857;0,0839952109890779;0,0325364830565383;0,0129749793191729;"ignorable";"MNAR"
29;-1,14049151365672;0,503360980699972;-1,66679961415916;1,23247058930903;0,699132805176523;0,0262837665351953;0,0139659506275944;0,0317045135299356;0,031983450425889;0,0142105104028285;"spm";"MNAR"
30;-1,26063686398118;0,52804139339072;-1,3975937838479;1,22846199184435;0,700338731845724;0,061824114195225;0,0154851571709364;0,0856100615109527;0,0329023230514413;0,0128290407429357;"ignorable";"MNAR"
30;-1,27020861536773;0,468705596544795;-1,34971765791875;1,26471302188674;0,691570117625256;0,0260895153382439;0,0138012912978497;0,0316758631714081;0,0323332070720095;0,0141648175037347;"spm";"MNAR"
31;-1,17821925042678;0,596588178551537;-1,56833737738163;1,19395806787386;0,732371475166845;0,061062937398659;0,0160322908860019;0,0842951467357625;0,0328380854032956;0,0133985483904854;"ignorable";"MNAR"
31;-1,18304627927072;0,530345869124122;-1,53649879512181;1,22000611485589;0,731527103425623;0,0275206487429365;0,0144883697053198;0,033222191145698;0,0305671241445604;0,0141477959804155;"spm";"MNAR"
32;-1,12060913154207;0,561791737236815;-1,65340386294589;1,28243562387217;0,69557893315372;0,063833207525398;0,0153516926631774;0,0884865068847399;0,0338203436196146;0,0126680531881178;"ignorable";"MNAR"
32;-1,12301977967991;0,500938479555899;-1,61163167864845;1,30814312667114;0,692980721860252;0,0258090293584166;0,0136530712446071;0,030875050010812;0,0322673897929467;0,014108316093407;"spm";"MNAR"
33;-1,14038329989395;0,563375382589856;-1,52929396070752;1,19896128649158;0,706629196331843;0,0607533276579173;0,0154608840826167;0,0839177750883484;0,0324923064490492;0,0128628636489657;"ignorable";"MNAR"
33;-1,14416000148179;0,49913698876929;-1,48353301063447;1,23015056034539;0,703124910893336;0,0264673115097478;0,0138894915995103;0,0318065830937588;0,0318018600204683;0,0140970969778819;"spm";"MNAR"
34;-1,19359494700483;0,561202928805969;-1,55763904688027;1,16352455381234;0,695334466860176;0,0592030081770442;0,0156604821309616;0,0818398850488587;0,0316188084791936;0,0130235831379987;"ignorable";"MNAR"
34;-1,21849176374039;0,496361448516325;-1,50771344478806;1,1904167838715;0,69352909196578;0,026377951711761;0,0140547440824157;0,0319962105454061;0,0322418772684975;0,0143769594054665;"spm";"MNAR"
35;-1,21262253627171;0,558071319468754;-1,41110943165095;1,25213989337772;0,717432378939068;0,0630699900801009;0,0159263007165784;0,0872819152646514;0,0336151254309857;0,0130588560414957;"ignorable";"MNAR"
35;-1,21762026596998;0,499418102984373;-1,36281463948983;1,28178432644146;0,710306311325947;0,0267253826722436;0,0142164438321431;0,0323286799861527;0,0314787572645228;0,014099568217067;"spm";"MNAR"
36;-1,16388331065879;0,532315184974006;-1,46351352950934;1,2042441620159;0,705372628896607;0,0609641394967072;0,0156617950031804;0,0843625739662537;0,0324677225471841;0,0129849514093447;"ignorable";"MNAR"
36;-1,1693721051175;0,471047158604629;-1,41759942461818;1,23685682568613;0,700396387611475;0,0263978642401654;0,014063605765802;0,032116345181836;0,0319257495534609;0,0142220028093908;"spm";"MNAR"
37;-1,19874151820961;0,555568750131626;-1,54669723781761;1,22997296979414;0,698614849185808;0,061840441223529;0,0152453040068624;0,0855619712874366;0,0328194566307957;0,0127096917913733;"ignorable";"MNAR"
37;-1,20574704492678;0,497769350794218;-1,4838785402661;1,25295847050488;0,696226994464881;0,0261145494590269;0,0136657842009731;0,0312891799563172;0,0321169382988467;0,0141083160330538;"spm";"MNAR"
38;-1,16202064236193;0,587523852618026;-1,50648574589161;1,19311813217583;0,730514327853336;0,0610305104257877;0,0163176433635479;0,0842654363891785;0,032804235921603;0,0134318645063612;"ignorable";"MNAR"
38;-1,17725237424577;0,522544168033296;-1,44722941966953;1,22529800561269;0,72442375111638;0,0274718746131108;0,0146544127215985;0,0334032213126394;0,0308668512172631;0,0141878250069263;"spm";"MNAR"
39;-1,09921648825377;0,577422009492737;-1,65755684289737;1,20832230630248;0,667798489674187;0,0603410001052398;0,0145659186902358;0,0835695445205286;0,031934900196785;0,0120789415176181;"ignorable";"MNAR"
39;-1,12564335090395;0,524246896654139;-1,60128955509048;1,23035770033132;0,667151519688467;0,0248703215588179;0,0131474007826736;0,029945689237766;0,0335206064565453;0,0140535672819212;"spm";"MNAR"
40;-1,1298268090359;0,577724904656799;-1,51610533277902;1,26585305356662;0,724181676617351;0,0637003186957735;0,015946907098202;0,0881291624393202;0,034200794976736;0,0131936159960322;"ignorable";"MNAR"
40;-1,15296671595441;0,516272780558642;-1,47376118281701;1,29555148647884;0,720443320737258;0,0270677876023275;0,0143220023307354;0,0326757323118857;0,0310373892504214;0,0140719510116368;"spm";"MNAR"
41;-1,15391155280301;0,55850716520865;-1,50381329639576;1,21139003092955;0,701551581510278;0,0610919614371381;0,015256415381293;0,0844527761245527;0,0327734978735917;0,0127245515282383;"ignorable";"MNAR"
41;-1,1652444073449;0,495752091516287;-1,45716529801561;1,24898900218706;0,696399797732094;0,025972548220528;0,0136129652933713;0,0310613302960326;0,0321089646578537;0,0140469381251044;"spm";"MNAR"
42;-1,14580378318001;0,531131977160696;-1,531556031577;1,23107883599296;0,711795143296604;0,0620993530124575;0,0157089851631288;0,0859771079299479;0,0332322609794843;0,0130448504011704;"ignorable";"MNAR"
42;-1,15054911372454;0,469535377893053;-1,48393503606483;1,26379070814732;0,706717188113644;0,0264836597606698;0,0140675300187695;0,0321496331643565;0,0316402092707963;0,0141534628791173;"spm";"MNAR"
43;-1,16774375883479;0,554251489391839;-1,47285715933457;1,21846462901092;0,719768318959113;0,0617072466840419;0,0157207427842047;0,0852520466736283;0,0330443262093987;0,0130722826057773;"ignorable";"MNAR"
43;-1,18736120244409;0,489331533498007;-1,41448768551175;1,25200183674636;0,717283953798021;0,0267096664638488;0,0141050200804681;0,0320023990948453;0,0311740974228129;0,014080318291983;"spm";"MNAR"
44;-1,07629902683322;0,520269969671554;-1,52097083203195;1,25592243052715;0,692100094128028;0,0627179970437165;0,0151194350155238;0,086830237822379;0,0332964205047905;0,0125217067802241;"ignorable";"MNAR"
44;-1,09931972152283;0,462509154731381;-1,45910339062803;1,28234575832464;0,687631533103593;0,0256048157689021;0,0134536758737738;0,0305168970634067;0,0325184038248309;0,0140413989109399;"spm";"MNAR"
45;-1,12273666067684;0,549186481036011;-1,59889553972329;1,20486957451686;0,717927669968386;0,0611282989951475;0,015917529912008;0,0844728496723426;0,0328260862502424;0,0132034952724363;"ignorable";"MNAR"
45;-1,12007270140501;0,484106234159209;-1,56103350301126;1,23827745332301;0,712819200395885;0,0266019952099831;0,0141897156645243;0,032026533842503;0,0313693567176406;0,0141847539762494;"spm";"MNAR"
46;-1,17995649856844;0,52977997065984;-1,54474187327774;1,22595709482195;0,699434782797541;0,0615971626781032;0,0154956907150478;0,0852227359834559;0,0328859002586024;0,0129229430232885;"ignorable";"MNAR"
46;-1,1936939304988;0,470269576961623;-1,48794603450218;1,26081042648893;0,68848538164519;0,0256112407901727;0,0136285625848104;0,0306736727447769;0,0324780748896594;0,0142306408556943;"spm";"MNAR"
47;-1,24034493794006;0,566534128086933;-1,34055941377368;1,18329846690677;0,718666849967618;0,0603876343262709;0,0154090737170067;0,0833194970536599;0,0322279351746863;0,0128061943413601;"ignorable";"MNAR"
47;-1,25230168351828;0,511414467597782;-1,28213949302914;1,21780073934749;0,711089574661322;0,026819344525844;0,0139387157603605;0,0324239950014894;0,0314456581243397;0,0139238497306401;"spm";"MNAR"
48;-1,09546179608665;0,59905754461721;-1,78966475013156;1,20444020769799;0,69130956497504;0,0606473679569045;0,0153437681002342;0,0839425402409649;0,032596223106861;0,0128926160764567;"ignorable";"MNAR"
48;-1,10605469015666;0,532993853310193;-1,74736571499585;1,23184383869525;0,692683416481523;0,0259649352233862;0,0137902188102177;0,0312133211959678;0,0322812402473728;0,0142857141455248;"spm";"MNAR"
49;-1,17873792603756;0,572263699699802;-1,48861290583738;1,25280943848311;0,700121821384262;0,062621274738274;0,015164627876975;0,0866856186046709;0,0334893672118162;0,0126249756745212;"ignorable";"MNAR"
49;-1,19069111400462;0,509744683150163;-1,43257425900918;1,28803135555116;0,699905583761295;0,0259365947430589;0,0136264775854133;0,0309833402130348;0,0319481376367194;0,0139918312586186;"spm";"MNAR"
1;-1,20289719135735;0,498878467919656;-1,56777005460924;1,19080993150236;0,708214426804033;0,0608698885666914;0,0155807952254864;0,0841347171437051;0,0319253583837937;0,0127998648555195;"ignorable";"MNAR3"
1;-1,22351199817575;0,476335880541275;-1,52986965257959;1,19491831864717;0,707642626504495;0,0281950656179034;0,0145849770162374;0,0352163503005853;0,0315999211476363;0,0140901312846827;"spm";"MNAR3"
2;-1,10885074254743;0,514329689457276;-1,55259060031901;1,23635854149706;0,692324205888285;0,0623715956938737;0,0153124018262541;0,0863506773788978;0,0327706448804438;0,0127223712219109;"ignorable";"MNAR3"
2;-1,11261649386105;0,494311325019428;-1,51538689575281;1,24233694529233;0,691765289401508;0,0276189284167549;0,0142719076935413;0,034317883696592;0,0323214359157152;0,0142087130844294;"spm";"MNAR3"
3;-1,16046351807087;0,517060307953736;-1,51985429788886;1,15199934819798;0,708262759695624;0,0593447081776097;0,0159084022397524;0,0819173170199981;0,0314770883169855;0,0130566737196781;"ignorable";"MNAR3"
3;-1,16272472510905;0,5009020507969;-1,49446721589656;1,15426648067183;0,709318430991575;0,028275947553427;0,0148806222792212;0,0352439165833457;0,0315241770419954;0,0142335235392997;"spm";"MNAR3"
4;-1,26400642069551;0,526650306955218;-1,43750423002494;1,21900718602526;0,685611374273314;0,0615792134033714;0,0154858953843781;0,0853035352539808;0,0322984258772131;0,0126734184954062;"ignorable";"MNAR3"
4;-1,25062799136542;0,505231336973683;-1,42175411816042;1,22194571767296;0,688117473726272;0,0274522260882415;0,0144409899466765;0,0343162228418579;0,0324966125679537;0,0142733028851717;"spm";"MNAR3"
5;-1,18856943007296;0,498873165528366;-1,42502275615987;1,21609421165604;0,715416945805896;0,0619617916172315;0,0159369733562154;0,0857391530593179;0,0324151645046248;0,0128570771762633;"ignorable";"MNAR3"
5;-1,19722843229235;0,479383393278887;-1,3939284904323;1,21315671872851;0,714869977723486;0,0283341743772961;0,014944399221212;0,0355333480381972;0,0312775805276281;0,014047552656897;"spm";"MNAR3"
6;-1,30640469598979;0,501000821105223;-1,35858437363501;1,21905780799884;0,686125970826691;0,0615620929449966;0,0151324682168152;0,0852482052785777;0,0321220087570583;0,0124506029236481;"ignorable";"MNAR3"
6;-1,30650679062357;0,47598000239991;-1,33041864910309;1,22044249316385;0,687912772086231;0,0274110271467895;0,0141675910229541;0,0341650812915241;0,0325023724154831;0,0141280222524436;"spm";"MNAR3"
7;-1,1615724228624;0,495166334248113;-1,51942147952661;1,23195205042399;0,691716309859724;0,0622601416669774;0,0153903786519307;0,0862608171912523;0,0326341451545508;0,0128073989474307;"ignorable";"MNAR3"
7;-1,16079740249284;0,476143064316551;-1,50229350715721;1,23793439855964;0,691541059044768;0,0278453793829203;0,0144500637267129;0,0348569931216543;0,0323345655502804;0,0142857142393947;"spm";"MNAR3"
8;-1,18160716902764;0,489682717000118;-1,50220620469717;1,21193226351031;0,697202036550716;0,0614629125475081;0,015821553148776;0,0850629927321707;0,0322215157232296;0,0129102275750777;"ignorable";"MNAR3"
8;-1,18112360610612;0,467491065899145;-1,47848010770895;1,21351996780725;0,698898858561996;0,0278063048072941;0,0147424462390233;0,0346621310410747;0,0319935751538478;0,0143032956482592;"spm";"MNAR3"
9;-1,287063639004;0,514730709617952;-1,43008299558214;1,18721545792757;0,710484073987286;0,0607205644162262;0,0161108069553256;0,0839966772640147;0,032018464390859;0,0130063979856371;"ignorable";"MNAR3"
9;-1,2921245769779;0,492687669008321;-1,4006817461089;1,18531702153989;0,71248576334529;0,0282918640423481;0,0151079108790624;0,0356010311514903;0,0313886906971515;0,0141909327014254;"spm";"MNAR3"
10;-1,1040699122103;0,509419473767104;-1,68073229852426;1,21887795557625;0,707785415680825;0,0619069471030864;0,0159163388893989;0,0857257754042062;0,0327053727372271;0,0129741391461336;"ignorable";"MNAR3"
10;-1,11066938865598;0,490027119738186;-1,6687123285643;1,22182343499296;0,708850355195965;0,0280762019611582;0,0149309859946437;0,0353059988682462;0,0315449932628833;0,0141733515443533;"spm";"MNAR3"
11;-1,15039960248149;0,523139597655686;-1,61279598608972;1,23635902243992;0,719406655908583;0,0628183097546621;0,0162539775879778;0,0869536005938557;0,0330852262541068;0,0132682910415016;"ignorable";"MNAR3"
11;-1,16213200782051;0,505537382025335;-1,58352394543893;1,2338343000604;0,720622870917608;0,028633245200587;0,0151963349430784;0,0359563131766697;0,0310296569395305;0,0142447724518793;"spm";"MNAR3"
12;-1,11625162942917;0,519392540732516;-1,6212963619905;1,19979202218959;0,720742565558411;0,0613655282726705;0,0161079854016978;0,0847475568478254;0,0323759368127227;0,0131339803336073;"ignorable";"MNAR3"
12;-1,11646050946632;0,492829410000287;-1,61508148078066;1,19362089696801;0,720944149604799;0,0284019262262577;0,0150218508142936;0,0353048793665042;0,0310158281925061;0,0141449648745067;"spm";"MNAR3"
13;-1,24300788270308;0,535810437764424;-1,51680540601009;1,20658009402761;0,70680389101956;0,0616102509757715;0,0159418881258916;0,0852139678961506;0,0323301350150585;0,0130118404134326;"ignorable";"MNAR3"
13;-1,251706563438;0,514975466177128;-1,48957051796763;1,20626195635952;0,707018302543378;0,0285917390850425;0,0149113274285653;0,0359005190160355;0,0316253456496183;0,0142447437037954;"spm";"MNAR3"
14;-1,22034850317189;0,495756004599161;-1,52923450999762;1,23597125578528;0,709620726491417;0,0627400052460526;0,0161055572733208;0,086890912907405;0,0329920032214773;0,0131184479719288;"ignorable";"MNAR3"
14;-1,23108632875339;0,476670006976955;-1,48655488336516;1,2361487371669;0,710557124556392;0,0285997792586203;0,0151056870381032;0,0359665031819411;0,0314652241218724;0,0142658184677377;"spm";"MNAR3"
15;-1,14862049044603;0,528278449345768;-1,58952246120483;1,22877392797681;0,707450981902493;0,0622983176611189;0,0160949021180076;0,0862973905549745;0,0327641856489056;0,0130411502723426;"ignorable";"MNAR3"
15;-1,17277653519984;0,506566954112078;-1,55308053491395;1,23127396461078;0,707712122321109;0,0280654393461774;0,0150351326720897;0,0352260322014283;0,0315957279705383;0,0142421819290548;"spm";"MNAR3"
16;-1,24341026427853;0,509470967069836;-1,36916409753866;1,26888804672059;0,687312384046159;0,0634656572362773;0,0149257448499518;0,0879507534929377;0,0329268309793243;0,0123492181278319;"ignorable";"MNAR3"
16;-1,22021615048438;0,493403928378544;-1,39519209776867;1,26704253645263;0,688801722287468;0,0272087379342502;0,0139939265124954;0,0337249491499537;0,0324495549465272;0,0140469598449858;"spm";"MNAR3"
17;-1,20078265204574;0,502130983329858;-1,53320407472691;1,17283043227037;0,723246951879404;0,0604640257926215;0,0160218703896453;0,0834440791783404;0,0320854757331316;0,0131717243289756;"ignorable";"MNAR3"
17;-1,205856751174;0,481675348577508;-1,51649883532791;1,17060493123;0,724814605781412;0,0289366223575475;0,0149943670261959;0,0360557011762124;0,0308470903504614;0,0141273541540689;"spm";"MNAR3"
18;-1,07690564553976;0,497841562888511;-1,64390822530655;1,19320234893184;0,735735918506297;0,0614516752956339;0,0164192009206308;0,0848010487899122;0,0323518715154865;0,013458300509084;"ignorable";"MNAR3"
18;-1,08908126429799;0,471320749292267;-1,60575118871918;1,19885588122374;0,735082719618762;0,0291332195370491;0,0152801368327185;0,0362754023869952;0,0304231472489757;0,0142076023733886;"spm";"MNAR3"
19;-1,1784579398334;0,506576983514781;-1,50093264816629;1,21908330232714;0,699100408443662;0,0619296314802893;0,0159098562105254;0,0857771802322974;0,0324629355272074;0,0129512420374704;"ignorable";"MNAR3"
19;-1,18809300577794;0,481834204035953;-1,46733722258775;1,21801987208857;0,70090229055357;0,0282218565553884;0,0148417200479856;0,0354251643170409;0,0319027058528644;0,0143032393563244;"spm";"MNAR3"
20;-1,24360216973803;0,507385207519783;-1,49020123447774;1,18352118049309;0,708495636068145;0,0605690674467043;0,0159690231714425;0,083835260299846;0,0321909547431817;0,013147241411659;"ignorable";"MNAR3"
20;-1,23369725506447;0,486603874284622;-1,47684923764076;1,1875221213837;0,712000457805493;0,0283581253637067;0,0150103311274964;0,0357510635612317;0,0314054289379404;0,0142740666769943;"spm";"MNAR3"
21;-1,2552158014925;0,506307357872759;-1,4540941317944;1,21675261731727;0,703625870357674;0,0617999306703878;0,0159708810905291;0,0855965339271322;0,032433799569506;0,0129653783567546;"ignorable";"MNAR3"
21;-1,24420077042473;0,485475734433945;-1,44210811890994;1,21679352837534;0,704124866343921;0,0281294484088865;0,0149266175817134;0,0353809586774907;0,031755171916672;0,0142535532821266;"spm";"MNAR3"
22;-1,21859057134519;0,496665796627478;-1,39599056677319;1,23030048624307;0,695017386964033;0,0622668319477122;0,0158429962268594;0,0862420477682787;0,0326814030664563;0,0128931396524853;"ignorable";"MNAR3"
22;-1,23679259837447;0,480777679529017;-1,3759599945349;1,23520368811138;0,695452942976456;0,0280646936653238;0,0147697024902281;0,0351702701350577;0,0321326543971829;0,0143009660511034;"spm";"MNAR3"
23;-1,15833674535017;0,527674557218061;-1,59008295754879;1,22855571168371;0,702592754644454;0,0622578688461723;0,0159533192925969;0,0862432155763521;0,0328139698188406;0,0131207043752713;"ignorable";"MNAR3"
23;-1,15488555425222;0,506400216639774;-1,58501018932486;1,23406889169092;0,703685403920244;0,0280331453936798;0,0148520367785427;0,0351253028986244;0,0317757079659732;0,0143469475950036;"spm";"MNAR3"
24;-1,09087521402865;0,535572674726887;-1,55628715792628;1,26163137323176;0,710536912741501;0,0638752654795814;0,0159941683039703;0,0884373470290265;0,0334350156692382;0,0130781607674524;"ignorable";"MNAR3"
24;-1,09088312710745;0,512724918648098;-1,54112994300878;1,26410666097072;0,713999974243802;0,0289264819292446;0,0149913012294388;0,0361468571318318;0,0313170175573109;0,0142391453795819;"spm";"MNAR3"
25;-1,16918845925482;0,518601520907757;-1,56446666741538;1,21854641509609;0,716684332035718;0,0621206948789593;0,0162222027962218;0,0858848051251022;0,0326508013108072;0,0133208501198856;"ignorable";"MNAR3"
25;-1,1801628380835;0,496939170868963;-1,52677442985556;1,21998233615197;0,719566821243771;0,0286654763240928;0,0151380607828475;0,035703045296616;0,0310751956551253;0,0143355364364465;"spm";"MNAR3"
26;-1,1483404637766;0,537065069995256;-1,57968019769429;1,2722368959913;0,704264383262255;0,0640707580029534;0,0160779770366421;0,0888830552495965;0,0337105056899436;0,0131395815419337;"ignorable";"MNAR3"
26;-1,15701755499284;0,512808891086835;-1,55082752713229;1,27415025660895;0,707984938331844;0,0283303500596286;0,0150407779949631;0,0356494067610214;0,0315835474903034;0,0143323422203201;"spm";"MNAR3"
27;-1,11365888265986;0,507652733324965;-1,4768205880402;1,25698913549339;0,69417894363767;0,0631093463796458;0,0155768817035062;0,0875055034226277;0,0331247325755172;0,0126679488290039;"ignorable";"MNAR3"
27;-1,11418921340998;0,491593333022189;-1,4747663493961;1,25781161073114;0,694034447609252;0,027405478330795;0,014535089249703;0,0343438605920328;0,0322184012679975;0,0141393075321518;"spm";"MNAR3"
28;-1,18340253402334;0,503753509359964;-1,43997152116888;1,22836505110896;0,71951443297126;0,062559749151604;0,0162180246181545;0,0865891356297417;0,0327927775677542;0,0131749369515605;"ignorable";"MNAR3"
28;-1,16787787182692;0,479071081908673;-1,43615278362523;1,23196152199632;0,721938655321371;0,0288021474719889;0,0152141149468696;0,0361769213407748;0,0309705681985565;0,014212249184813;"spm";"MNAR3"
29;-1,1624191681993;0,524886480539876;-1,66909938879365;1,19865706337581;0,71213733172656;0,0611339586722784;0,0160583112888258;0,0845171144986271;0,0324209218806905;0,0132162815725328;"ignorable";"MNAR3"
29;-1,15116106756477;0,503872678637452;-1,65805501542678;1,20085929878785;0,709561525156659;0,0279414032307026;0,0148331717807958;0,0347519104362209;0,0315135195118669;0,0142818517701543;"spm";"MNAR3"
30;-1,2862507330132;0,508869508401497;-1,38558265143667;1,23072691144815;0,683763275973174;0,0620193408259654;0,0152497299644005;0,0859461291066381;0,0323820161908809;0,0124881500523843;"ignorable";"MNAR3"
30;-1,28417697795563;0,484990473302395;-1,36369678101885;1,23125891937504;0,682631903697302;0,0273213950588857;0,0141702107344692;0,0341760925439485;0,032756570068208;0,0141790490361943;"spm";"MNAR3"
31;-1,22652727938288;0,538795493004786;-1,51014640035728;1,20180202539419;0,715422610469168;0,0615392499809675;0,0162939901879709;0,0851000734136293;0,0325071959999588;0,0132484924968372;"ignorable";"MNAR3"
31;-1,21465541090468;0,515820331905703;-1,52556181492463;1,20466571957195;0,718281950537405;0,0288729355422905;0,0152910526567538;0,0362534487817631;0,0311307832996571;0,0142798869051071;"spm";"MNAR3"
32;-1,16769515791051;0,516028745284761;-1,59773295699717;1,28111327585331;0,688171041788682;0,0640410652392602;0,0158587974364208;0,0888965189559837;0,0334007251067992;0,012862642322068;"ignorable";"MNAR3"
32;-1,16336292976909;0,494823348608693;-1,57907724145418;1,28552476157915;0,687777224512688;0,0273974882086625;0,0146964388922914;0,034367747704231;0,0325115153313524;0,014373989307122;"spm";"MNAR3"
33;-1,19589398352381;0,505820736798987;-1,45836009610284;1,19043674868925;0,713701186529888;0,061066088974719;0,0161072074531141;0,0843600023157351;0,0321729472348638;0,0131868635246163;"ignorable";"MNAR3"
33;-1,20228159353554;0,481835197862937;-1,43387356544006;1,19141159214423;0,717155236725226;0,028891480305739;0,0150603746753687;0,0360592083261516;0,0311796926688444;0,0142798868604792;"spm";"MNAR3"
34;-1,22946090774905;0,510381025961599;-1,51758800667662;1,17442083956046;0,697672192874716;0,0599623174052132;0,015818854062402;0,0829660035930539;0,0313754457830575;0,0127901396875716;"ignorable";"MNAR3"
34;-1,23829715891885;0,491777332683783;-1,49153944153374;1,17361995825346;0,699222810178529;0,0276218793253868;0,014775424471837;0,0345645075610879;0,0319761351131259;0,0142386718413923;"spm";"MNAR3"
35;-1,25552000836282;0,516605099473152;-1,36403541395999;1,26373242712292;0,719523187383918;0,0638739482793067;0,0161472180368911;0,0884758770875025;0,0334073672970829;0,0131002794492362;"ignorable";"MNAR3"
35;-1,24576536331656;0,494178622105321;-1,34998670256031;1,26469352069959;0,72156495243551;0,0284981033820703;0,0151066116419099;0,035704836305451;0,0309891433855699;0,0141534629031986;"spm";"MNAR3"
36;-1,21739149661581;0,468713144396197;-1,39854607155149;1,21119225364807;0,712522430907955;0,0616748931875817;0,0159033494732053;0,0853111882110514;0,0323469896895914;0,013002379398126;"ignorable";"MNAR3"
36;-1,21732112875571;0,44305681082614;-1,37015101549217;1,21266302210688;0,71363709597863;0,0282115150788722;0,0148128589240278;0,0351484427740926;0,0313334044557026;0,0141819007209997;"spm";"MNAR3"
37;-1,23661295844372;0,511955229921737;-1,50374153094819;1,22102955706083;0,686724327757709;0,0617423641519822;0,0155409589238217;0,0854539980562756;0,0324752866506482;0,0126942475065845;"ignorable";"MNAR3"
37;-1,24038786158484;0,484724800078518;-1,47276343868053;1,23108409241021;0,687692798423821;0,0276135681671734;0,0144056334494851;0,0342681557589639;0,032510349894316;0,0142541270549755;"spm";"MNAR3"
38;-1,1836654178432;0,513212166410399;-1,46559723475147;1,2151446311927;0,716511159391583;0,0619521339654464;0,0162935720261829;0,085668422103423;0,0324931629613738;0,013188622562659;"ignorable";"MNAR3"
38;-1,17149875067294;0,490577632309431;-1,46439335539973;1,21271433319727;0,716286799536299;0,0284851201640502;0,0151351543236284;0,0356463604304121;0,0312174794944723;0,0142566437277179;"spm";"MNAR3"
39;-1,15353249587474;0,518791195437908;-1,57834177793392;1,19144270462998;0,679319664433084;0,0603875729259462;0,0152274177377016;0,0836783107500769;0,0315464666730478;0,0124082954646321;"ignorable";"MNAR3"
39;-1,16251116587934;0,497385219194442;-1,55382618732452;1,195479347847;0,678876888648442;0,0272457201099404;0,0142874033497447;0,0343911977536926;0,0329377538390025;0,014184754089633;"spm";"MNAR3"
40;-1,17807192495804;0,549230506922279;-1,46344919746973;1,27729670185314;0,719193997691622;0,0645639405144604;0,0164274108311177;0,0894164130115677;0,0340027698469149;0,0134309364791356;"ignorable";"MNAR3"
40;-1,17663447880285;0,518990999833557;-1,45612536518656;1,27611435346773;0,72313901382653;0,028971108059779;0,0152953883079059;0,0361232027404736;0,0309215865699615;0,0143448798829531;"spm";"MNAR3"
41;-1,1935299603519;0,509869327513675;-1,45747936039343;1,23480544702847;0,69774478506541;0,0624216703363989;0,0159149638652712;0,0865583510473283;0,0328269096705471;0,012934068777197;"ignorable";"MNAR3"
41;-1,19451888228759;0,481101326053081;-1,43386115010855;1,23892613670717;0,700048529743388;0,0278813878410709;0,014867726756239;0,0350872829934302;0,0319416145346262;0,0142915488245719;"spm";"MNAR3"
42;-1,19103461870395;0,490445223176715;-1,4999510191055;1,23380443118123;0,690087984718619;0,0621744183003499;0,015440789838364;0,0861790540022783;0,0327019621208119;0,0127236085283812;"ignorable";"MNAR3"
42;-1,18497355067051;0,46967292700532;-1,48054529761853;1,23642238379924;0,692940169795219;0,0274938004444349;0,01452335640559;0,0344625710905845;0,0322688680589903;0,0142297945611108;"spm";"MNAR3"
43;-1,20254369320098;0,510849039420406;-1,45514449018845;1,23015672717724;0,71247404854276;0,0624267240436585;0,016069569864102;0,0863902405491146;0,0327959781507225;0,0129931553084901;"ignorable";"MNAR3"
43;-1,19678573776159;0,486293354913395;-1,43600772572389;1,23674134048576;0,709565388106205;0,0281200429756767;0,014916063687959;0,0351926876044925;0,0315128143797408;0,0141537274031506;"spm";"MNAR3"
44;-1,1010629344342;0,483140490494963;-1,50238307775132;1,2729848486943;0,698091956972076;0,0639981363433155;0,0159836360192604;0,0887118253534386;0,0334110959443675;0,0129371497188731;"ignorable";"MNAR3"
44;-1,12269446285804;0,459859386933428;-1,45529249060777;1,27063277554691;0,700360301169478;0,0281471259120223;0,0148985946539499;0,0351554171892077;0,0319281018292809;0,0143028754142032;"spm";"MNAR3"
45;-1,20935594992645;0,497430729482871;-1,47878601801977;1,19571188608155;0,709947213461249;0,0612174149685041;0,0160391982668926;0,0846565602183284;0,0322540006756973;0,0131524451383538;"ignorable";"MNAR3"
45;-1,18114790580331;0,474558500760917;-1,48269154762975;1,20400029375993;0,711057623312903;0,0287145168921956;0,0149601785376389;0,0359986760340158;0,0314338289271201;0,0143004820832631;"spm";"MNAR3"
46;-1,23733731852302;0,486675472634748;-1,49496484358904;1,23612635069636;0,696780622283828;0,0625886601315154;0,0157518189578089;0,0867638323208083;0,0327140225805198;0,0128877567058578;"ignorable";"MNAR3"
46;-1,24233856958905;0,468376292452015;-1,46575646118836;1,23825025884491;0,697220115575845;0,0282722350282498;0,014772888946732;0,0357005311967529;0,0320711914216069;0,0142915484464069;"spm";"MNAR3"
47;-1,27017798762632;0,534149816564209;-1,32045934991314;1,19576139694303;0,724910062321036;0,0613548647680496;0,01624761795932;0,0847534649347824;0,032372481708314;0,0132016664322218;"ignorable";"MNAR3"
47;-1,2549416598033;0,518584378647676;-1,33201378633723;1,1998157444104;0,723168827884894;0,028790695106773;0,0151756718894673;0,0359499282607257;0,0309204141797112;0,0141449651117992;"spm";"MNAR3"
48;-1,154395231387;0,54318306310978;-1,71719471023659;1,198668095667;0,712702450344532;0,0614781669855038;0,0162738531158883;0,084917313189549;0,0326660432296189;0,0133321607325351;"ignorable";"MNAR3"
48;-1,15878847732001;0,522817233429763;-1,69123659527427;1,19869724850457;0,711322057526204;0,0289251076679432;0,0151025618980229;0,0361097337150852;0,0314361676584965;0,0143380617839226;"spm";"MNAR3"
49;-1,24651720986232;0,51197603044906;-1,38039293666189;1,2589408401582;0,7103740625795;0,0636151019696213;0,0159523092099155;0,0882145626312447;0,0334768994150845;0,0131103111065718;"ignorable";"MNAR3"
49;-1,25197896426365;0,489584573277458;-1,33909184897153;1,26428720138391;0,710890868207662;0,0283684255835944;0,0149359398315941;0,0357574055067582;0,0314544477208327;0,0142421824418679;"spm";"MNAR3"
1;-1,14395394759857;0,552404691814398;-1,65514100813037;1,20471206442759;0,707504003850748;0,061069844693214;0,0162495315804652;0,0845107748230254;0,0323226444010937;0,0133803879246884;"ignorable";"MNAR4"
1;-1,18183212391323;0,488961580028123;-1,583844463596;1,21971969075146;0,711950378884182;0,0272402828823029;0,014747917464465;0,033388426046901;0,031407637645682;0,0144851498014749;"spm";"MNAR4"
2;-1,0451577099269;0,538316705952215;-1,62481667927321;1,23080303929201;0,686350049243228;0,0616051705292071;0,0149754122642388;0,0853245644952889;0,0326329871999526;0,012642670713135;"ignorable";"MNAR4"
2;-1,05941112334776;0,486508334420542;-1,55944004863316;1,25093802994415;0,686892622562846;0,0259662263031913;0,0136739097899906;0,0316094983509244;0,0325533846438029;0,0142076418029108;"spm";"MNAR4"
3;-1,11363142852027;0,547004689727455;-1,57301273759958;1,17527241973291;0,704789002497761;0,0597676566444388;0,0154911715052201;0,0825360687522545;0,0316378581165081;0,0127248747421264;"ignorable";"MNAR4"
3;-1,12432520433134;0,491105241799957;-1,51194709518842;1,18964139610168;0,71069824484381;0,0269226329349033;0,0143264056310004;0,0328696046063721;0,0314629707879832;0,0140635972476102;"spm";"MNAR4"
4;-1,21674122755044;0,560661817998615;-1,50651332550457;1,2231308686858;0,698727428672659;0,061716087625293;0,0157418096004143;0,0854146296447605;0,0325309725059646;0,0129168320305501;"ignorable";"MNAR4"
4;-1,22564422535147;0,505264860650152;-1,44894437836285;1,23461965032875;0,701512123002966;0,0269879644692065;0,0144068737253795;0,0331153336351081;0,0318755543952992;0,0142740349531426;"spm";"MNAR4"
5;-1,15315676444231;0,543471156794338;-1,45860646413213;1,21461279562831;0,702041998924299;0,0614120605876938;0,0157064721230593;0,0848820405454585;0,0323498581204145;0,0129835335906736;"ignorable";"MNAR4"
5;-1,17290809253238;0,48771429617491;-1,39175579655351;1,23482161019474;0,703352642620411;0,0270140516596882;0,014274667934345;0,0327643070755823;0,0317915630953733;0,0142886304146331;"spm";"MNAR4"
6;-1,24710484803793;0,552740338344036;-1,44668793981979;1,23906380302516;0,696586155737465;0,0622985394478939;0,0155635891192351;0,086132300414449;0,0325978192091482;0,012780396141789;"ignorable";"MNAR4"
6;-1,2518226171056;0,497746788296791;-1,39487028956515;1,25944516462936;0,695391223214641;0,0267325342020467;0,0140575352739815;0,03236110182827;0,0321660382735919;0,0142287299283422;"spm";"MNAR4"
7;-1,13874984966903;0,530761394546993;-1,54981073706838;1,23167270655917;0,702623040554056;0,0619907844239798;0,0156107345460566;0,085823078073353;0,0327831542805679;0,0129526266262956;"ignorable";"MNAR4"
7;-1,15064816522965;0,47696467527156;-1,48731517341614;1,24547884290627;0,705857315151552;0,0268668399523926;0,0143091522694072;0,0328990227871305;0,0316787533214053;0,0142335235224372;"spm";"MNAR4"
8;-1,14979680088958;0,528653842878958;-1,55342137543764;1,20600269689741;0,708008111977399;0,0610755695329408;0,0157078238357792;0,084416235446314;0,0321136683691685;0,0129342549256707;"ignorable";"MNAR4"
8;-1,17630572560355;0,472356961459676;-1,48509362971617;1,21898976214185;0,711043358317858;0,0270005920817447;0,0143882651744115;0,0329519353491039;0,0314477022111269;0,0141933238803273;"spm";"MNAR4"
9;-1,24349615800905;0,571565019426424;-1,5074003016;1,19355959161494;0,704826200551697;0,060629856511674;0,015948942605491;0,0837747513632825;0,0320012059909105;0,0131051882484615;"ignorable";"MNAR4"
9;-1,26033911777894;0,510994990272679;-1,45766074905835;1,20612468021446;0,711005203517622;0,0272895696563565;0,0145563037757246;0,033247158199495;0,0314493884203768;0,0143443831761227;"spm";"MNAR4"
10;-1,06095777573292;0,537733607611214;-1,73545114248632;1,23045269101429;0,708734482368754;0,0619847388801369;0,0158906125607086;0,0856502170681569;0,0328595697717009;0,013045405494871;"ignorable";"MNAR4"
10;-1,0861041752856;0,481067105004535;-1,66956456238439;1,24647257327794;0,707559551522976;0,0267397514142307;0,0143829164592292;0,0323261337212532;0,0316025413118931;0,0142076418380328;"spm";"MNAR4"
11;-1,08484635253456;0,563437080175893;-1,67821121698278;1,23123183648166;0,711838519310551;0,0621961659598477;0,0159642869473569;0,0860927313743548;0,0327887403755807;0,0132249335866257;"ignorable";"MNAR4"
11;-1,10781546929589;0,504005711630627;-1,62194628145052;1,24466558408319;0,719732634597048;0,027483822109931;0,0147067420371048;0,0337911831326946;0,0310680369577832;0,0143296475377721;"spm";"MNAR4"
12;-1,06163093598872;0,570692363145186;-1,70032644237576;1,21709846512382;0,725651225695173;0,0617722251177456;0,0162010665298703;0,0852736554756101;0,0328206037744407;0,0135011407107939;"ignorable";"MNAR4"
12;-1,07994909410397;0,505569121711374;-1,65291176517294;1,22561158100878;0,729246733039588;0,0275589971237967;0,0146966978115058;0,0333273990118626;0,0306652396540955;0,0143178370884044;"spm";"MNAR4"
13;-1,17382758812518;0,562363237293647;-1,58493768274222;1,19626763520755;0,711627059546216;0,0607478854365303;0,016215547001219;0,0840292337385555;0,0322737508238368;0,0133505502967619;"ignorable";"MNAR4"
13;-1,20402516145242;0,503673524662323;-1,52275470933883;1,21334714436901;0,713454680974858;0,0271383498545732;0,0147668319407815;0,0333181295042947;0,0313414157921154;0,0144007927079348;"spm";"MNAR4"
14;-1,16185508846245;0,531963094354956;-1,59433813632611;1,24728516169212;0,720100310747352;0,062879699203472;0,0162307796628105;0,0870116905671933;0,0332540441596507;0,0131921265014422;"ignorable";"MNAR4"
14;-1,19613082564127;0,473864823579558;-1,51722608074692;1,2603486514057;0,721699484493693;0,0271685064308379;0,0148191386213039;0,0333218431112835;0,0309833664042091;0,0141819007220242;"spm";"MNAR4"
15;-1,09416686419792;0,583929577237412;-1,65866174243889;1,21525158823721;0,700835985867563;0,0612911660901437;0,0157525189448034;0,084875544105952;0,0324531233104683;0,01305436918096;"ignorable";"MNAR4"
15;-1,12099806340916;0,522662117154699;-1,60706469690898;1,23644387220016;0,705286356747508;0,0268020961402114;0,0143973561820115;0,0328780197928414;0,0317063518218167;0,014336201535864;"spm";"MNAR4"
16;-1,20155257301099;0,564307031169554;-1,42538011493662;1,23552749196991;0,718158949203357;0,0624965889935876;0,0160707802844571;0,086440680189572;0,0327724018484725;0,0131588465923249;"ignorable";"MNAR4"
16;-1,19364360419743;0,506217666251198;-1,40303484164166;1,26175078774858;0,716995600025974;0,0273501035845145;0,0146345693095189;0,033435007081436;0,031186634277017;0,0142335235378608;"spm";"MNAR4"
17;-1,15463216201637;0,543614714628708;-1,59385754089978;1,18201614927276;0,713019726357638;0,0602091262830815;0,0157312405912857;0,0830558368043835;0,0320017194419172;0,0130904209861215;"ignorable";"MNAR4"
17;-1,17777537667429;0,481791694145403;-1,52660463412575;1,19534375193395;0,719177219457389;0,0272493353819443;0,0144497031280498;0,0329721612887028;0,0310919721698729;0,0142026422327723;"spm";"MNAR4"
18;-1,04789891426236;0,555498890325185;-1,67644956113778;1,18161752133761;0,758230437695637;0,0610800366316699;0,017145775021484;0,0841980132884226;0,032507794316911;0,0138699100379572;"ignorable";"MNAR4"
18;-1,09118401998645;0,475008859606178;-1,58201822548589;1,20236565075498;0,773766406060619;0,0292073710649743;0,0158845390251926;0,0356839720135646;0,0288984298862938;0,0142129831907367;"spm";"MNAR4"
19;-1,10322603810339;0,553969979016602;-1,61948451768267;1,2410012764325;0,7065026018763;0,0623318099205669;0,0156203075789178;0,0862861317872545;0,0328374795297345;0,0128278697736055;"ignorable";"MNAR4"
19;-1,11490552035141;0,492063526943446;-1,5670838406156;1,25464603521637;0,713688169276183;0,0268631089603272;0,014359779498124;0,032761937612575;0,0313312275977363;0,014117217920476;"spm";"MNAR4"
20;-1,20464979115772;0,549543882167629;-1,5325129542023;1,1986153966992;0,706218402457958;0,0607778279144009;0,0159286061700642;0,0839650890618298;0,0323096195220896;0,0131027815442947;"ignorable";"MNAR4"
20;-1,21107119782807;0,485876689865855;-1,48209499376749;1,21058270912378;0,714091889827407;0,0271999619252924;0,0145754101716216;0,032976290376758;0,0313134490349317;0,0142857143560999;"spm";"MNAR4"
21;-1,22888156105732;0,536823047235842;-1,47678614427135;1,20500819954844;0,710486430956959;0,0612251334252882;0,0160576418338932;0,0845660027434199;0,0322932228884487;0,0131896427289497;"ignorable";"MNAR4"
21;-1,23965394631363;0,480117682732837;-1,4106512340082;1,22098700527583;0,711442492940098;0,027489994289555;0,0146095864575775;0,0335798064009455;0,0314296169749343;0,0143241831280611;"spm";"MNAR4"
22;-1,20252231758851;0,555253137621898;-1,43116148701697;1,22024848125615;0,709643732868332;0,0615811233442634;0,0153470987078772;0,0850976467075339;0,0324097452392602;0,0127056505440882;"ignorable";"MNAR4"
22;-1,23262704161892;0,501523744386256;-1,37308522441874;1,23146759178126;0,712590900739583;0,0268515232098694;0,014110998787033;0,0326647927518434;0,0313771862061909;0,0139966070956944;"spm";"MNAR4"
23;-1,11417741443826;0,561629703794277;-1,65225228878108;1,21079548765558;0,708222119669258;0,061127589896588;0,0157285690489976;0,08444895109244;0,0323908404000715;0,012883047161142;"ignorable";"MNAR4"
23;-1,13420113174746;0,499054685991033;-1,59724246770028;1,22574344777211;0,712436777235225;0,0266419793320912;0,0143595826489445;0,0321644566825958;0,0313861955469147;0,0141167481229653;"spm";"MNAR4"
24;-1,08946815904204;0,550579262583878;-1,55315255268537;1,25439879052303;0,702145950399869;0,0628562471431197;0,0154503599900157;0,0869280562269271;0,0330623694395851;0,0127464856059586;"ignorable";"MNAR4"
24;-1,10357602898277;0,49100000608928;-1,49916426755449;1,26723196210028;0,706773258702526;0,0267908110078973;0,0140924855668701;0,0322971061570201;0,0316379329142698;0,0141085030378745;"spm";"MNAR4"
25;-1,13540642456069;0,539830152263029;-1,61678328484775;1,21732555915856;0,718850651374633;0,0618406569322538;0,0162511061163872;0,085483245454443;0,0325295378113283;0,0132507120799213;"ignorable";"MNAR4"
25;-1,16804923102987;0,47814122226198;-1,54922058972901;1,23728882253685;0,721403684204885;0,0275981417303594;0,0148705652716276;0,0337741840969281;0,03099646457998;0,0142766771343452;"spm";"MNAR4"
26;-1,09563707720367;0,551965271985231;-1,62401666513048;1,27611943637098;0,685816732822597;0,0634078110451108;0,0155226129837327;0,0879802339757378;0,0334260327556565;0,0126274738077747;"ignorable";"MNAR4"
26;-1,10208750698477;0,496139477980758;-1,57498354155079;1,28458116223006;0,691797671121814;0,026061145457514;0,0142257292581448;0,0318913448406933;0,0323225715633854;0,0142076417539386;"spm";"MNAR4"
27;-1,09477981709158;0,542286845074419;-1,49034596980785;1,23797803736391;0,683783481604902;0,0618430552286205;0,0153521799119385;0,0856364220918368;0,0327481375692089;0,0125458195814678;"ignorable";"MNAR4"
27;-1,11214220398222;0,482131717688604;-1,4259655645377;1,2591912554615;0,68956894729053;0,0260419021022185;0,0140234224062333;0,0316594770912899;0,0324270398818517;0,0141676617790501;"spm";"MNAR4"
28;-1,13476067620072;0,543365891841717;-1,52178748795407;1,24013501462434;0,712431022975639;0,0625123864864237;0,0156312774658453;0,0864372623455543;0,0328530894252389;0,0128533159344155;"ignorable";"MNAR4"
28;-1,13775684496212;0,488006623789861;-1,49470268803197;1,25313853192686;0,715831619650218;0,0271685664580892;0,0143760333938262;0,0331238553776125;0,0312373446698682;0,0140691645911572;"spm";"MNAR4"
29;-1,12722919195817;0,55928863112511;-1,7139462887238;1,20099964435544;0,717969221112183;0,0611321803968873;0,0166012674266522;0,0845120027680574;0,0324611806627616;0,0134559452622181;"ignorable";"MNAR4"
29;-1,14310974533488;0,493710953885939;-1,65094035603708;1,21345788454376;0,725150450646194;0,0276883821807974;0,0151655752389887;0,0340590997684713;0,0308359418395502;0,0143888339341385;"spm";"MNAR4"
30;-1,26009530632553;0,529459321954314;-1,40631174015488;1,24032061112383;0,696816748544477;0,0623591157599501;0,015794711086538;0,0863824442426223;0,0325007141601083;0,0128239593089349;"ignorable";"MNAR4"
30;-1,27456468676072;0,477991388806981;-1,35561495246615;1,25936892401033;0,694627064600784;0,0267638659611347;0,0143555397402623;0,0329695347359884;0,0321909133710424;0,0142769758659726;"spm";"MNAR4"
31;-1,20805298533089;0,586662510064034;-1,54935160134444;1,19145938891681;0,724936656779957;0,0608829139243005;0,0161899246132118;0,084087736244281;0,0322073573518878;0,0133537561467021;"ignorable";"MNAR4"
31;-1,20545380877579;0,529525230296397;-1,52456322912761;1,20682455279623;0,72702330358182;0,0278217212518612;0,0148382222820523;0,0342178060856118;0,030756482801032;0,0142624476431984;"spm";"MNAR4"
32;-1,12265666114733;0,549488970559707;-1,66114941138893;1,29000943132294;0,692487749363927;0,0640356951944468;0,0154841766108415;0,0888089664237885;0,0335478309767359;0,0126518336311521;"ignorable";"MNAR4"
32;-1,1354259292259;0,496253953968004;-1,61157760885889;1,31161415937374;0,692092406162655;0,0259726792294876;0,0140753867737394;0,0316853535816907;0,0323088064893645;0,0141676605593493;"spm";"MNAR4"
33;-1,14333018682821;0,568153355329324;-1,52482670333335;1,19876122794251;0,695634357876983;0,0604425671221422;0,0154303993833605;0,0834908943849896;0,0319969805617873;0,0126350552831817;"ignorable";"MNAR4"
33;-1,14859522055244;0,510810845902639;-1,48415942866893;1,2173725458515;0,699145531545983;0,0262092697703129;0,0140993793188887;0,0316146626408273;0,0319828675968992;0,0141027032502497;"spm";"MNAR4"
34;-1,17145330725167;0,547890658096249;-1,59321163039276;1,18100319136015;0,704012962557744;0,0599917375638905;0,0159371903778852;0,0829947383604715;0,0316377232964991;0,0130283219642615;"ignorable";"MNAR4"
34;-1,19868354689762;0,489324334380459;-1,53719221432912;1,19192641909676;0,708440268171601;0,0268078330636626;0,0145914718759706;0,0329696618372546;0,0315632536494335;0,014312026055597;"spm";"MNAR4"
35;-1,20063574637857;0,552739933532365;-1,4173556515623;1,25866332550447;0,709934126918892;0,063216991849747;0,0154939075593665;0,087470262408975;0,033133266670939;0,0127618621082849;"ignorable";"MNAR4"
35;-1,19676885957434;0,500422408966231;-1,37717896938599;1,2798986240803;0,711627348112202;0,0270346977803771;0,0142006592960413;0,0328823835226674;0,03142189491501;0,0140441679984994;"spm";"MNAR4"
36;-1,15832972804269;0,521410953051106;-1,4819861436779;1,21228236974992;0,70235178922775;0,0611378930262903;0,0156839154159776;0,0845948473472544;0,0322720967894403;0,0128339234810004;"ignorable";"MNAR4"
36;-1,17253437986538;0,46745713471294;-1,41810303468487;1,22787024219655;0,704653560856568;0,0265794449694422;0,0144101245732754;0,0325805403288536;0,0317328696442076;0,0141705052407386;"spm";"MNAR4"
37;-1,21751646608491;0,55898490668576;-1,54460194194298;1,23251681337429;0,685057212774385;0,0617720775645833;0,0154434359713622;0,0855603296973827;0,0323858930162009;0,0126650200464946;"ignorable";"MNAR4"
37;-1,22277021349025;0,507043074815944;-1,48818203171932;1,24465080104069;0,690611756813254;0,0264113779168147;0,0141381231788789;0,032277734053333;0,0323780757559448;0,014285714494271;"spm";"MNAR4"
38;-1,15755784406411;0,564264380040038;-1,50534034158135;1,20552196058103;0,724911887619691;0,0613921568200236;0,0157592915924906;0,0847529530263962;0,0323578420014214;0,0130446249561862;"ignorable";"MNAR4"
38;-1,16755457083167;0,504324478636678;-1,45651784463319;1,22822974328108;0,727268795408997;0,0276277370337841;0,0145037844538071;0,0336238751367852;0,030744838532323;0,0140606750657952;"spm";"MNAR4"
39;-1,11410063088136;0,58058645307733;-1,64053474529383;1,205800977089;0,670054399516263;0,0603715848199914;0,0150254233644208;0,0836302767646192;0,0316327439518147;0,0123649457701272;"ignorable";"MNAR4"
39;-1,14314305243521;0,524724461255012;-1,57612776355494;1,21979825719424;0,67693577648566;0,025726034593564;0,0138011122516473;0,031334482416416;0,0330249923957305;0,0142751294219044;"spm";"MNAR4"
40;-1,13013089313818;0,570556926122141;-1,52991807362354;1,27558876249746;0,710519572541956;0,0637582557014454;0,0156910676394694;0,0882768910519452;0,0335882597486329;0,0127816336327844;"ignorable";"MNAR4"
40;-1,15346120419776;0,510454656913133;-1,48555566299808;1,29765441618889;0,714348908158139;0,0268270560471436;0,0143675556269157;0,0326425092534612;0,031301857706729;0,0140226073667952;"spm";"MNAR4"
41;-1,1582593608111;0,553149930167141;-1,52918865739824;1,22976237772264;0,693925907408054;0,0618323390043156;0,0154314118312319;0,0856120431121219;0,0326844119705778;0,0128170500678674;"ignorable";"MNAR4"
41;-1,16871521650708;0,497029566809308;-1,48582652239528;1,24604642133142;0,696714854419523;0,0266672300546277;0,0141167480799145;0,0326628995474895;0,0320944495846837;0,0142479636608707;"spm";"MNAR4"
42;-1,15678983152605;0,534677871647638;-1,54069815570585;1,2361814222127;0,704050550639231;0,0621815902332579;0,0156401756719497;0,0860248425464421;0,0327132978390115;0,0127805669467444;"ignorable";"MNAR4"
42;-1,15832183333587;0,481094073009028;-1,49083812381022;1,2499126412988;0,707449606023548;0,0267747189644745;0,0143396354489852;0,032659755702142;0,0316074525277047;0,0141139358737709;"spm";"MNAR4"
43;-1,14204904331883;0,52830278657637;-1,52926573763322;1,27154275557257;0,706429477730656;0,0637569611755856;0,0157952586406231;0,0882714139059792;0,03359074718925;0,0130696312955135;"ignorable";"MNAR4"
43;-1,15906737274873;0,474882901787051;-1,46834372412648;1,28504327513654;0,708444874930167;0,0271959029532488;0,0143665601346896;0,0331807767849198;0,0315630469514044;0,0142653497215707;"spm";"MNAR4"
44;-1,08209548802958;0,511629625978766;-1,51472743513379;1,2572936482278;0,694121368210155;0,0627420060533163;0,0154323620535986;0,0869630000630192;0,0329498184753185;0,0125880166129244;"ignorable";"MNAR4"
44;-1,10955618629675;0,458801342731906;-1,45230533265934;1,27372454556031;0,698741129972955;0,0262556896116029;0,0141982164004458;0,0321406656591193;0,0319993102242416;0,0141009911651576;"spm";"MNAR4"
45;-1,12632819473921;0,550735857461821;-1,5947378273613;1,19844257614574;0,725118342604003;0,0610660858291842;0,016469019270308;0,0844763793547809;0,032375913344642;0,0135599542528351;"ignorable";"MNAR4"
45;-1,13155647099397;0,485239704629746;-1,54980284778421;1,21622880024029;0,730164456628083;0,0276913517547622;0,0150887177511112;0,0341082093170246;0,0306241690564967;0,0143978072214513;"spm";"MNAR4"
46;-1,17366699550142;0,519494690670786;-1,57240019631679;1,24741286297144;0,700495877763753;0,0626117406136511;0,016026946700169;0,0867508239709869;0,0329386530127396;0,0131208086627677;"ignorable";"MNAR4"
46;-1,18397497480252;0,460124424317323;-1,51326190302333;1,25950983358433;0,704723262050026;0,0268722444615027;0,0145519463919306;0,0329530074073484;0,0317337822116534;0,0143959944614523;"spm";"MNAR4"
47;-1,24821254251145;0,560034965653364;-1,33891950112182;1,18886094309886;0,723923715368855;0,0608520764098302;0,0158926937853736;0,0840144127303823;0,0322682730627299;0,0132163363991409;"ignorable";"MNAR4"
47;-1,26083729817764;0,506776769554605;-1,28663839562248;1,2090167975071;0,725297402467359;0,0280328218601166;0,0146503018377691;0,0344741930208326;0,030829670277275;0,0141648172730305;"spm";"MNAR4"
48;-1,09826393680382;0,586630698839032;-1,8000056701129;1,21467936425493;0,698725235063058;0,0611503329411641;0,0158170662733807;0,084684281782681;0,0323411749274973;0,0129334434748478;"ignorable";"MNAR4"
48;-1,1141536024984;0,521410540516469;-1,73768583506045;1,2279409745637;0,708347924197199;0,0265723364432867;0,0145491046986183;0,0325091528809576;0,0315673682225668;0,0142798868807385;"spm";"MNAR4"
49;-1,18444306482107;0,565632768246335;-1,48881234239093;1,25955868966066;0,699700070878338;0,0630202449504218;0,0155226393256703;0,0872355895311191;0,0331914600186937;0,0127306915214955;"ignorable";"MNAR4"
49;-1,20613230232958;0,510763581196618;-1,40940589426335;1,27368727905897;0,70516989998551;0,0267362625400997;0,0142788278543629;0,0325665875128978;0,0317110884741557;0,0141158825204762;"spm";"MNAR4"
